ref	query	key	label	auc	optimal threshold
whole_cortex	nagy	rachel_subclass	VIP	0.837037037037037	0.0387495907155215
whole_cortex	nagy	rachel_subclass	SST	0.5111111111111111	0.0444426751793207
whole_cortex	nagy	rachel_subclass	Astrocyte	0.9312638580931266	0.2308884722423
whole_cortex	nagy	rachel_subclass	Microglia	1.0	0.134060717928133
whole_cortex	nagy	rachel_subclass	L5 ET	0.5643015521064302	0.0213165515292269
whole_cortex	nagy	rachel_subclass	Oligodendrocyte	0.8587662337662337	0.0637990735153118
whole_cortex	nagy	rachel_subclass	L2/3-6 IT	0.7967711301044633	0.0250926482006111
whole_cortex	nagy	rachel_subclass	PVALB	0.9891304347826088	0.403798236479405
whole_cortex	nagy	rachel_subclass	Endothelial	0.43478260869565216	0.0
