ref	query	key	label	auc	optimal threshold
whole_cortex	lim	rachel_subclass	Astrocyte	0.9979368161619179	0.297960499339048
whole_cortex	lim	rachel_subclass	Endothelial	0.5762102522779395	0.0460939193009472
whole_cortex	lim	rachel_subclass	OPC	0.9756659836065575	0.0614338401264478
whole_cortex	lim	rachel_subclass	Microglia	0.9708345760015906	0.472935498352185
whole_cortex	lim	rachel_subclass	L2/3-6 IT	0.949272646911872	0.0138795144642277
whole_cortex	lim	rachel_subclass	PVALB	0.9947289156626506	0.726167946319829
whole_cortex	lim	rachel_subclass	SST	0.9814629258517034	0.337264847072242
whole_cortex	lim	rachel_subclass	L5 ET	0.614939874939875	0.0141009289951354
whole_cortex	lim	rachel_subclass	Oligodendrocyte	0.96329375	0.605279127837341
